feature,importance
produccion_ma_4,0.4972554375743819
produccion_lag_2,0.19593566078984376
produccion_lag_1,0.19390583146857635
semana_sin,0.028773506505346717
semana_cos,0.02345654169275809
semana_año,0.017929521677429366
mes_sin,0.0102081099905277
dept_encoded,0.008759715757255036
mes_cos,0.008749130978274346
tech_encoded,0.007742542351235187
mes,0.0054971672364345974
trimestre,0.0017868339779369053
