,mae,rmse,r2,mape
ml,258.5062826084352,321.2280212390529,0.6054155334625084,27.046727230885146
