,mae,rmse,r2,mape
ml,258.3687050490889,321.1897205188486,0.6055096221925096,27.02722142995173
