feature,importance
produccion_ma_4,0.497286640982112
produccion_lag_2,0.19620317548822983
produccion_lag_1,0.1939552226664837
semana_sin,0.028665850425252867
semana_cos,0.02313410967557709
semana_año,0.0181368887405835
mes_sin,0.010247679061568387
dept_encoded,0.008740883708629478
mes_cos,0.00858418307281713
tech_encoded,0.007741788915887176
mes,0.0055698592635580356
trimestre,0.0017337179993008127
